{"2257317221":{"Reasons":["kv4"]},"2437040000":{"Reasons":["Kenziev4"]},"449718197":{"Reasons":["kenziev4"]},"445193582":{"Reasons":["UsingFlareV4"]},"879667885":{"Reasons":["kv4","kv4"]},"3325219612":{"Reasons":["oztik"]},"4993951323":{"Reasons":["vxpe"]},"1859490496":{"Reasons":["vxpe","InfiniteFly A"]},"4903627259":{"Reasons":["piston"]},"3080177207":{"Reasons":["bacon"]},"487361247":{"Reasons":["piston"]},"3566775392":{"Reasons":["piston"]},"1821373953":{"Reasons":["piston"]},"1320773725":{"Reasons":["pistonware"]},"4998694203":{"Reasons":["vxpe","pistonwaremultiaura"]},"1836146375":{"Reasons":["pistionware","piston"]},"1390903181":{"Reasons":["GGFDV4"]},"4956773488":{"Reasons":["Scaffold A"]},"4767697264":{"Reasons":["pistonware"]},"4880572036":{"Reasons":["vxpe"]},"4982043040":{"Reasons":["autumn","piston"]},"4952077735":{"Reasons":["pistonwarev","pistonware"]},"462102164":{"Reasons":["piston"]},"180548573":{"Reasons":["pistonware"]},"750453691":{"Reasons":["piston"]},"1587856497":{"Reasons":["needLuv4"]},"1452098516":{"Reasons":["pistonware"]},"530949253":{"Reasons":["piston"]},"3719409973":{"Reasons":["LivV4"]},"1891585841":{"Reasons":["pistonware","piston"]},"4499209621":{"Reasons":["IUSEKILLAURAV4"]},"368711179":{"Reasons":["why v4"]},"3673806932":{"Reasons":["displayV4"]},"5007437652":{"Reasons":["vxpe","kuzlivefanpiston","Scaffold A"]},"1100106469":{"Reasons":["pistonware"]},"2737117832":{"Reasons":["pistonwarewinning","vxpe"]},"3942672103":{"Reasons":["Scaffold A","themagicpiston"]},"1598825808":{"Reasons":["pistonware"]},"5010491263":{"Reasons":["pstionware","InfiniteFly A","pistonware"]},"2862102000":{"Reasons":["themagicpiston"]},"3112268393":{"Reasons":["pistonware"]},"2997269273":{"Reasons":["pistonlgvt"]},"4823382304":{"Reasons":["pistonweremultiarua"]},"4593610266":{"Reasons":["pistonware"]},"1757189310":{"Reasons":["pistonware"]},"3189592667":{"Reasons":["pistonware"]},"4950294706":{"Reasons":["vape"]},"4960821500":{"Reasons":["pistonware"]},"4888635829":{"Reasons":["Vxpe"]},"678578109":{"Reasons":["piston"]},"1717500047":{"Reasons":["ksa"]},"2782458588":{"Reasons":["WhoStoleMyPancakeV4"]},"541494828":{"Reasons":["prisonware"]},"4998100487":{"Reasons":["pisware"]},"535733361":{"Reasons":["IUseSkillAuraV4"]},"3552899923":{"Reasons":["gdoggsladdoo"]},"1443749985":{"Reasons":["grassware"]},"4933098584":{"Reasons":["piston"]},"4991304599":{"Reasons":["piston"]},"4932615945":{"Reasons":["InfiniteFly A"]},"4949896445":{"Reasons":["InfiniteFly A"]},"2813615616":{"Reasons":["hack"]},"3027771074":{"Reasons":["smolware","piston"]},"5000530829":{"Reasons":["pistonwaremultiaura"]},"1758951661":{"Reasons":["piston"]},"1184369959":{"Reasons":["piston"]},"29603930":{"Reasons":["Kuzlivefanpiston"]},"2533901403":{"Reasons":["themagicpiston"]},"4899447794":{"Reasons":["InfiniteFly A"]},"945634444":{"Reasons":["pistons"]},"2594322083":{"Reasons":["goofyware"]},"4929830382":{"Reasons":["piston"]},"3591150196":{"Reasons":["piston"]},"2285682721":{"Reasons":["piston"]},"3240079254":{"Reasons":["ryanV4"]},"4229132931":{"Reasons":["vape"]},"4902597857":{"Reasons":["IUseMetalV4"]},"3712036581":{"Reasons":["speedyy"]},"3987956395":{"Reasons":["pistonware"]},"4816302825":{"Reasons":["kxlp"]},"1071236808":{"Reasons":["piston"]},"4550753408":{"Reasons":["pistonwarewinning"]},"3386964116":{"Reasons":["pistonware"]},"485126593":{"Reasons":["pistoware"]},"4971922083":{"Reasons":["piston","pistonware","themagicpiston"]},"1085846727":{"Reasons":["IUseAuraV4"]},"1833346470":{"Reasons":["pistonware"]},"1623406575":{"Reasons":["piston"]},"1336464130":{"Reasons":["vapx"]},"4979239331":{"Reasons":["InfiniteFly A"]},"2387518795":{"Reasons":["piston"]},"1679743264":{"Reasons":["postionware"]},"1710615227":{"Reasons":["InfiniteFly A"]},"4901037914":{"Reasons":["piston"]},"1070325532":{"Reasons":["kuzlivefanpiston","vxpe"]},"551469861":{"Reasons":["piston"]},"1667474268":{"Reasons":["Scaffold A","vxpe","pistonwarewinning"]},"2901797444":{"Reasons":["pistonware","piston"]},"4979186099":{"Reasons":["vxpe","livethemagicpiston"]},"3900483509":{"Reasons":["pistonware"]},"5005837493":{"Reasons":["bware"]},"4194741730":{"Reasons":["Scaffold A"]},"1123924515":{"Reasons":["pistolware"]},"3492252383":{"Reasons":["pistonware","piston"]},"1444063150":{"Reasons":["piston","pistonware"]},"2506381240":{"Reasons":["piston"]},"4152748369":{"Reasons":["piston"]},"1735679992":{"Reasons":["piston"]},"1483139925":{"Reasons":["piston"]},"4929028669":{"Reasons":["Public"]},"3438701157":{"Reasons":["UsefathelessFV4"]},"2559250846":{"Reasons":["pistonwate"]},"3873582537":{"Reasons":["pistonware"]},"4933649044":{"Reasons":["piston","pistonware"]},"4275676412":{"Reasons":["pink","Lumin","piston"]},"1080633339":{"Reasons":["pistolware"]},"706704053":{"Reasons":["pistonware"]},"1247337157":{"Reasons":["piston"]},"1469614764":{"Reasons":["piston"]},"4287029211":{"Reasons":["ToxicCaughtLackinV4"]},"1226795471":{"Reasons":["kuzlivefanpiston"]},"2687693961":{"Reasons":["piston"]},"3295483688":{"Reasons":["piston"]},"4262150605":{"Reasons":["piston"]},"3679902328":{"Reasons":["piston"]},"1631685412":{"Reasons":["pistonware"]},"3944802002":{"Reasons":["pistonware","piston"]},"2675739138":{"Reasons":["livethemagicpiston"]},"1641672941":{"Reasons":["pistonware"]},"4764298595":{"Reasons":["piston"]},"3389522839":{"Reasons":["piston"]},"4954966670":{"Reasons":["InfiniteFly A"]},"5007642421":{"Reasons":["Vxpe"]},"2665383263":{"Reasons":["pistonware"]},"4899837405":{"Reasons":["pistonware","piston"]},"4950281593":{"Reasons":["lakev4","InfiniteFly A","LAKE"]},"1837679713":{"Reasons":["AuraV4"]},"1769757302":{"Reasons":["piston"]},"4917025579":{"Reasons":["piston"]},"4943945570":{"Reasons":["pistonware"]},"4950605144":{"Reasons":["livethemagicpiston"]},"4991672238":{"Reasons":["themagicpiston"]},"1077421322":{"Reasons":["malware"]},"4826589003":{"Reasons":["piston","pistonware"]},"1535042151":{"Reasons":["what"]},"4946594619":{"Reasons":["InfiniteFly A"]},"4996297123":{"Reasons":["vxpe"]},"848906365":{"Reasons":["pistonware"]},"2346214380":{"Reasons":["Malware"]},"4950504523":{"Reasons":["vxpe"]},"125028042":{"Reasons":["Scaffold A"]},"4863620579":{"Reasons":["InfiniteFly A"]},"1888019766":{"Reasons":["pistoneware"]},"2221397828":{"Reasons":["pistonware"]},"3379096799":{"Reasons":["pistonwarewinning"]},"4996688579":{"Reasons":["InfiniteFly A"]},"1517494240":{"Reasons":["Kuzivile"]},"4007689551":{"Reasons":["piston"]},"1248960146":{"Reasons":["pistonware"]},"1293779573":{"Reasons":["piston"]},"1400718681":{"Reasons":["piston"]},"2202714604":{"Reasons":["pistonware"]},"2361023792":{"Reasons":["piston"]},"4956556683":{"Reasons":["pistonware"]},"3156126354":{"Reasons":["piston"]},"4217063597":{"Reasons":["pistonware"]},"308164768":{"Reasons":["pistonware"]},"2428755301":{"Reasons":["piston"]},"343035067":{"Reasons":["piston"]},"4994595736":{"Reasons":["prismaticv4","piston"]},"4879528530":{"Reasons":["InfiniteFly A","pistonware"]}}